{"initial_reset_timestamp": 14.491175096, "timestamps": [40.490512425, 65.930427508, 91.301028708], "episode_lengths": [80, 80, 80], "episode_rewards": [74.60125644526686, 74.987993725316, 74.96648255857146], "episode_types": ["t", "t", "t"]}