{"initial_reset_timestamp": 9.678443052, "timestamps": [32.697685162, 54.691743921, 77.055380008], "episode_lengths": [80, 80, 80], "episode_rewards": [52.553320154236665, 67.88475011633047, 68.21808314344953], "episode_types": ["t", "t", "t"]}