{"initial_reset_timestamp": 20.939689081, "timestamps": [77.998796481, 90.371546207, 98.943974682], "episode_lengths": [76, 15, 11], "episode_rewards": [55.024213745303136, 7.511431303290462, 4.933333333333334], "episode_types": ["t", "t", "t"]}