{"initial_reset_timestamp": 3.67442066, "timestamps": [23.98730698, 43.737090987, 63.505458026], "episode_lengths": [80, 80, 80], "episode_rewards": [75.50880542480063, 75.1480144567534, 75.48000143490212], "episode_types": ["t", "t", "t"]}