{"initial_reset_timestamp": 38.292465689, "timestamps": [61.504574619, 83.752152097, 106.182385287], "episode_lengths": [60, 60, 60], "episode_rewards": [40.34036783903373, 40.559659834160826, 39.91557800383469], "episode_types": ["t", "t", "t"]}