{"initial_reset_timestamp": 3281.503580227, "timestamps": [3291.423950719, 3295.274174225, 3299.496331448, 3306.72245578, 3321.528240253], "episode_lengths": [4, 3, 4, 7, 14], "episode_rewards": [2.644370209384412, 1.8896261941710042, 2.6461394831421363, 5.7370750487459885, 11.590806931460468], "episode_types": ["t", "t", "t", "t", "t"]}