{"initial_reset_timestamp": 103.448686877, "timestamps": [128.54646252, 153.508152701, 178.440235624], "episode_lengths": [80, 80, 80], "episode_rewards": [59.49095392175252, 60.21549315204837, 62.20771053812328], "episode_types": ["t", "t", "t"]}