{"initial_reset_timestamp": 4.654581028, "timestamps": [26.40120763, 47.47969495, 68.683194476], "episode_lengths": [80, 80, 80], "episode_rewards": [66.96167885097611, 65.56999059446258, 66.63972786690815], "episode_types": ["t", "t", "t"]}