{"initial_reset_timestamp": 16.978131091, "timestamps": [62.102993157, 105.33417904, 149.001794366], "episode_lengths": [120, 120, 120], "episode_rewards": [91.16096171786027, 98.52092994809823, 99.99297192067837], "episode_types": ["t", "t", "t"]}