{"initial_reset_timestamp": 16.201490486, "timestamps": [38.34173536, 58.750413191, 81.615065422], "episode_lengths": [80, 80, 80], "episode_rewards": [75.46747598424966, 75.47900854155056, 75.47618678033702], "episode_types": ["t", "t", "t"]}